skim_type,skim_variable,n_missing,complete_rate,character.min,character.max,character.empty,character.n_unique,character.whitespace,numeric.mean,numeric.sd,numeric.p0,numeric.p25,numeric.p50,numeric.p75,numeric.p100,numeric.hist
character,game_id,0,1,13,15,0,6134,0,NA,NA,NA,NA,NA,NA,NA,NA
character,old_game_id,0,1,10,10,0,6134,0,NA,NA,NA,NA,NA,NA,NA,NA
character,home_team,0,1,2,3,0,32,0,NA,NA,NA,NA,NA,NA,NA,NA
character,away_team,0,1,2,3,0,32,0,NA,NA,NA,NA,NA,NA,NA,NA
character,season_type,0,1,3,4,0,2,0,NA,NA,NA,NA,NA,NA,NA,NA
character,posteam,74782,0.931927869867191,0,3,104,33,0,NA,NA,NA,NA,NA,NA,NA,NA
character,posteam_type,74782,0.931927869867191,4,4,0,2,0,NA,NA,NA,NA,NA,NA,NA,NA
character,defteam,74782,0.931927869867191,2,3,0,32,0,NA,NA,NA,NA,NA,NA,NA,NA
character,side_of_field,85173,0.9224692099729649,0,5,79,38,0,NA,NA,NA,NA,NA,NA,NA,NA
character,game_date,0,1,10,10,0,1169,0,NA,NA,NA,NA,NA,NA,NA,NA
character,game_half,0,1,5,8,0,3,0,NA,NA,NA,NA,NA,NA,NA,NA
character,time,1137,0.9989650181599716,0,5,62,1502,0,NA,NA,NA,NA,NA,NA,NA,NA
character,yrdln,7356,0.9933040225019798,0,6,2,1659,0,NA,NA,NA,NA,NA,NA,NA,NA
character,desc,0,1,4,1079,0,990769,0,NA,NA,NA,NA,NA,NA,NA,NA
character,play_type,50328,0.9541877167590596,3,11,0,9,0,NA,NA,NA,NA,NA,NA,NA,NA
character,pass_length,806758,0.26562895400384134,4,5,0,2,0,NA,NA,NA,NA,NA,NA,NA,NA
character,pass_location,806698,0.26568357045977953,4,6,0,3,0,NA,NA,NA,NA,NA,NA,NA,NA
character,run_location,778466,0.2913824335272217,4,6,0,3,0,NA,NA,NA,NA,NA,NA,NA,NA
character,run_gap,870143,0.20793121967648853,3,6,0,3,0,NA,NA,NA,NA,NA,NA,NA,NA
character,field_goal_result,1075311,0.02117206914443326,4,7,0,3,0,NA,NA,NA,NA,NA,NA,NA,NA
character,extra_point_result,1070162,0.025859071338194206,4,7,0,4,0,NA,NA,NA,NA,NA,NA,NA,NA
character,two_point_conv_result,1096605,0.0017886889319752575,7,7,0,2,0,NA,NA,NA,NA,NA,NA,NA,NA
character,timeout_team,1053072,0.04141565853791751,2,3,0,32,0,NA,NA,NA,NA,NA,NA,NA,NA
character,td_team,1068075,0.02775881373057698,2,3,0,32,0,NA,NA,NA,NA,NA,NA,NA,NA
character,td_player_name,1068075,0.02775881373057698,5,19,0,2989,0,NA,NA,NA,NA,NA,NA,NA,NA
character,td_player_id,1068076,0.02775790345631135,10,10,0,3264,0,NA,NA,NA,NA,NA,NA,NA,NA
character,passer_player_id,653500,0.40513576740671964,10,10,0,767,0,NA,NA,NA,NA,NA,NA,NA,NA
character,passer_player_name,653500,0.40513576740671964,5,17,0,802,0,NA,NA,NA,NA,NA,NA,NA,NA
character,receiver_player_id,715364,0.34882256023739955,10,10,0,3088,0,NA,NA,NA,NA,NA,NA,NA,NA
character,receiver_player_name,715364,0.34882256023739955,5,18,0,2971,0,NA,NA,NA,NA,NA,NA,NA,NA
character,rusher_player_id,764576,0.3040261430769091,10,10,0,2262,0,NA,NA,NA,NA,NA,NA,NA,NA
character,rusher_player_name,764576,0.3040261430769091,5,18,0,2206,0,NA,NA,NA,NA,NA,NA,NA,NA
character,lateral_receiver_player_id,1098347,2.0299116123689842e-4,10,10,0,181,0,NA,NA,NA,NA,NA,NA,NA,NA
character,lateral_receiver_player_name,1098347,2.0299116123689842e-4,6,16,0,181,0,NA,NA,NA,NA,NA,NA,NA,NA
character,lateral_rusher_player_id,1098531,3.550069635982478e-5,10,10,0,37,0,NA,NA,NA,NA,NA,NA,NA,NA
character,lateral_rusher_player_name,1098531,3.550069635982478e-5,6,13,0,37,0,NA,NA,NA,NA,NA,NA,NA,NA
character,lateral_sack_player_id,1098570,0,NA,NA,0,0,0,NA,NA,NA,NA,NA,NA,NA,NA
character,lateral_sack_player_name,1098570,0,NA,NA,0,0,0,NA,NA,NA,NA,NA,NA,NA,NA
character,interception_player_id,1086906,0.01061743903438106,10,10,0,1982,0,NA,NA,NA,NA,NA,NA,NA,NA
character,interception_player_name,1086906,0.01061743903438106,5,19,0,1904,0,NA,NA,NA,NA,NA,NA,NA,NA
character,lateral_interception_player_id,1098491,7.19116669852804e-5,10,10,0,70,0,NA,NA,NA,NA,NA,NA,NA,NA
character,lateral_interception_player_name,1098491,7.19116669852804e-5,5,14,0,70,0,NA,NA,NA,NA,NA,NA,NA,NA
character,punt_returner_player_id,1059306,0.03574100876594122,10,10,0,930,0,NA,NA,NA,NA,NA,NA,NA,NA
character,punt_returner_player_name,1059305,0.03574191904020685,5,19,0,910,0,NA,NA,NA,NA,NA,NA,NA,NA
character,lateral_punt_returner_player_id,1098509,5.552673020381427e-5,10,10,0,56,0,NA,NA,NA,NA,NA,NA,NA,NA
character,lateral_punt_returner_player_name,1098509,5.552673020381427e-5,5,19,0,56,0,NA,NA,NA,NA,NA,NA,NA,NA
character,kickoff_returner_player_name,1059285,0.03576012452551958,5,19,0,2072,0,NA,NA,NA,NA,NA,NA,NA,NA
character,kickoff_returner_player_id,1059286,0.035759214251253946,10,10,0,2222,0,NA,NA,NA,NA,NA,NA,NA,NA
character,lateral_kickoff_returner_player_id,1098419,1.374514141110339e-4,10,10,0,132,0,NA,NA,NA,NA,NA,NA,NA,NA
character,lateral_kickoff_returner_player_name,1098419,1.374514141110339e-4,6,16,0,132,0,NA,NA,NA,NA,NA,NA,NA,NA
character,punter_player_id,1041530,0.05192204411189094,10,10,0,222,0,NA,NA,NA,NA,NA,NA,NA,NA
character,punter_player_name,1041530,0.05192204411189094,5,16,0,243,0,NA,NA,NA,NA,NA,NA,NA,NA
character,kicker_player_name,985912,0.10254967821804706,3,14,0,334,0,NA,NA,NA,NA,NA,NA,NA,NA
character,kicker_player_id,985912,0.10254967821804706,10,10,0,310,0,NA,NA,NA,NA,NA,NA,NA,NA
character,own_kickoff_recovery_player_id,1098310,2.3667130906546152e-4,10,10,0,238,0,NA,NA,NA,NA,NA,NA,NA,NA
character,own_kickoff_recovery_player_name,1098310,2.3667130906546152e-4,5,19,0,236,0,NA,NA,NA,NA,NA,NA,NA,NA
character,blocked_player_id,1097590,8.920687803235516e-4,10,10,0,622,0,NA,NA,NA,NA,NA,NA,NA,NA
character,blocked_player_name,1097589,8.929790545891825e-4,4,19,0,603,0,NA,NA,NA,NA,NA,NA,NA,NA
character,tackle_for_loss_1_player_id,1048762,0.04533894062280963,10,10,0,3367,0,NA,NA,NA,NA,NA,NA,NA,NA
character,tackle_for_loss_1_player_name,1048699,0.04539628790154471,4,19,0,3226,0,NA,NA,NA,NA,NA,NA,NA,NA
character,tackle_for_loss_2_player_id,1098559,1.0013016922050255e-5,10,10,0,11,0,NA,NA,NA,NA,NA,NA,NA,NA
character,tackle_for_loss_2_player_name,1098559,1.0013016922050255e-5,6,12,0,11,0,NA,NA,NA,NA,NA,NA,NA,NA
character,qb_hit_1_player_id,1050497,0.0437596147719308,10,10,0,2982,0,NA,NA,NA,NA,NA,NA,NA,NA
character,qb_hit_1_player_name,1050490,0.043765986691790215,4,19,0,2829,0,NA,NA,NA,NA,NA,NA,NA,NA
character,qb_hit_2_player_id,1096391,0.0019834876248213673,10,10,0,1015,0,NA,NA,NA,NA,NA,NA,NA,NA
character,qb_hit_2_player_name,1096391,0.0019834876248213673,5,19,0,995,0,NA,NA,NA,NA,NA,NA,NA,NA
character,forced_fumble_player_1_team,1087072,0.010466333506285452,2,3,0,32,0,NA,NA,NA,NA,NA,NA,NA,NA
character,forced_fumble_player_1_player_id,1087105,0.010436294455519413,10,10,0,2977,0,NA,NA,NA,NA,NA,NA,NA,NA
character,forced_fumble_player_1_player_name,1087079,0.010459961586426036,4,19,0,2720,0,NA,NA,NA,NA,NA,NA,NA,NA
character,forced_fumble_player_2_team,1098504,6.0078101531968464e-5,2,3,0,26,0,NA,NA,NA,NA,NA,NA,NA,NA
character,forced_fumble_player_2_player_id,1098504,6.0078101531968464e-5,10,10,0,65,0,NA,NA,NA,NA,NA,NA,NA,NA
character,forced_fumble_player_2_player_name,1098504,6.0078101531968464e-5,6,14,0,65,0,NA,NA,NA,NA,NA,NA,NA,NA
character,solo_tackle_1_team,599256,0.45451268467189165,2,3,0,32,0,NA,NA,NA,NA,NA,NA,NA,NA
character,solo_tackle_2_team,1092308,0.005700137451414067,2,3,0,32,0,NA,NA,NA,NA,NA,NA,NA,NA
character,solo_tackle_1_player_id,599641,0.45416222907962167,10,10,0,8252,0,NA,NA,NA,NA,NA,NA,NA,NA
character,solo_tackle_2_player_id,1092376,0.005638238801350837,10,10,0,3134,0,NA,NA,NA,NA,NA,NA,NA,NA
character,solo_tackle_1_player_name,599306,0.4544671709586098,4,19,0,7320,0,NA,NA,NA,NA,NA,NA,NA,NA
character,solo_tackle_2_player_name,1092313,0.005695586080085913,4,18,0,2863,0,NA,NA,NA,NA,NA,NA,NA,NA
character,assist_tackle_1_player_id,956715,0.12912695595182833,10,10,0,5669,0,NA,NA,NA,NA,NA,NA,NA,NA
character,assist_tackle_1_player_name,956715,0.12912695595182833,5,19,0,5142,0,NA,NA,NA,NA,NA,NA,NA,NA
character,assist_tackle_1_team,956715,0.12912695595182833,2,3,0,32,0,NA,NA,NA,NA,NA,NA,NA,NA
character,assist_tackle_2_player_id,1039980,0.05333296922362707,10,10,0,4638,0,NA,NA,NA,NA,NA,NA,NA,NA
character,assist_tackle_2_player_name,1039980,0.05333296922362707,5,19,0,4165,0,NA,NA,NA,NA,NA,NA,NA,NA
character,assist_tackle_2_team,1039980,0.05333296922362707,2,3,0,32,0,NA,NA,NA,NA,NA,NA,NA,NA
character,assist_tackle_3_player_id,1098567,2.730822796892518e-6,10,10,0,3,0,NA,NA,NA,NA,NA,NA,NA,NA
character,assist_tackle_3_player_name,1098567,2.730822796892518e-6,8,9,0,3,0,NA,NA,NA,NA,NA,NA,NA,NA
character,assist_tackle_3_team,1098567,2.730822796892518e-6,3,3,0,3,0,NA,NA,NA,NA,NA,NA,NA,NA
character,assist_tackle_4_player_id,1098567,2.730822796892518e-6,10,10,0,3,0,NA,NA,NA,NA,NA,NA,NA,NA
character,assist_tackle_4_player_name,1098567,2.730822796892518e-6,7,8,0,3,0,NA,NA,NA,NA,NA,NA,NA,NA
character,assist_tackle_4_team,1098567,2.730822796892518e-6,3,3,0,3,0,NA,NA,NA,NA,NA,NA,NA,NA
character,tackle_with_assist_1_player_id,1015313,0.0757867045340761,10,10,0,4738,0,NA,NA,NA,NA,NA,NA,NA,NA
character,tackle_with_assist_1_player_name,1015313,0.0757867045340761,5,19,0,4380,0,NA,NA,NA,NA,NA,NA,NA,NA
character,tackle_with_assist_1_team,1015313,0.0757867045340761,2,3,0,32,0,NA,NA,NA,NA,NA,NA,NA,NA
character,tackle_with_assist_2_player_id,1098570,0,NA,NA,0,0,0,NA,NA,NA,NA,NA,NA,NA,NA
character,tackle_with_assist_2_player_name,1098570,0,NA,NA,0,0,0,NA,NA,NA,NA,NA,NA,NA,NA
character,tackle_with_assist_2_team,1098570,0,NA,NA,0,0,0,NA,NA,NA,NA,NA,NA,NA,NA
character,pass_defense_1_player_id,1042237,0.05127848020608605,10,10,0,3379,0,NA,NA,NA,NA,NA,NA,NA,NA
character,pass_defense_1_player_name,1042236,0.05127939048035168,4,19,0,3197,0,NA,NA,NA,NA,NA,NA,NA,NA
character,pass_defense_2_player_id,1096864,0.0015529278971754268,10,10,0,996,0,NA,NA,NA,NA,NA,NA,NA,NA
character,pass_defense_2_player_name,1096864,0.0015529278971754268,5,19,0,963,0,NA,NA,NA,NA,NA,NA,NA,NA
character,fumbled_1_team,1081551,0.01549195772686307,2,3,0,32,0,NA,NA,NA,NA,NA,NA,NA,NA
character,fumbled_1_player_id,1081555,0.015488316629800547,10,10,0,2696,0,NA,NA,NA,NA,NA,NA,NA,NA
character,fumbled_1_player_name,1081555,0.015488316629800547,5,19,0,2517,0,NA,NA,NA,NA,NA,NA,NA,NA
character,fumbled_2_player_id,1098456,1.0377126628258182e-4,10,10,0,111,0,NA,NA,NA,NA,NA,NA,NA,NA
character,fumbled_2_player_name,1098456,1.0377126628258182e-4,5,12,0,110,0,NA,NA,NA,NA,NA,NA,NA,NA
character,fumbled_2_team,1098456,1.0377126628258182e-4,2,3,0,30,0,NA,NA,NA,NA,NA,NA,NA,NA
character,fumble_recovery_1_team,1082877,0.014284934050629472,2,3,0,32,0,NA,NA,NA,NA,NA,NA,NA,NA
character,fumble_recovery_1_player_id,1082887,0.014275831307973053,10,10,0,5004,0,NA,NA,NA,NA,NA,NA,NA,NA
character,fumble_recovery_1_player_name,1082887,0.014275831307973053,5,19,0,4398,0,NA,NA,NA,NA,NA,NA,NA,NA
character,fumble_recovery_2_team,1098447,1.1196373467325937e-4,2,3,0,31,0,NA,NA,NA,NA,NA,NA,NA,NA
character,fumble_recovery_2_player_id,1098447,1.1196373467325937e-4,10,10,0,120,0,NA,NA,NA,NA,NA,NA,NA,NA
character,fumble_recovery_2_player_name,1098447,1.1196373467325937e-4,5,13,0,118,0,NA,NA,NA,NA,NA,NA,NA,NA
character,sack_player_id,1073024,0.023253866389943312,10,10,0,2582,0,NA,NA,NA,NA,NA,NA,NA,NA
character,sack_player_name,1072977,0.023296649280428183,4,19,0,2488,0,NA,NA,NA,NA,NA,NA,NA,NA
character,half_sack_1_player_id,1096089,0.002258390453043546,10,10,0,1118,0,NA,NA,NA,NA,NA,NA,NA,NA
character,half_sack_1_player_name,1096089,0.002258390453043546,5,18,0,1084,0,NA,NA,NA,NA,NA,NA,NA,NA
character,half_sack_2_player_id,1096089,0.002258390453043546,10,10,0,1094,0,NA,NA,NA,NA,NA,NA,NA,NA
character,half_sack_2_player_name,1096089,0.002258390453043546,5,19,0,1063,0,NA,NA,NA,NA,NA,NA,NA,NA
character,return_team,971115,0.11601900652666652,2,3,0,32,0,NA,NA,NA,NA,NA,NA,NA,NA
character,penalty_team,1021292,0.07034417469983711,2,3,0,32,0,NA,NA,NA,NA,NA,NA,NA,NA
character,penalty_player_id,1024660,0.06727837097317424,10,47,0,7741,0,NA,NA,NA,NA,NA,NA,NA,NA
character,penalty_player_name,1024735,0.06721010040325148,5,19,0,6791,0,NA,NA,NA,NA,NA,NA,NA,NA
character,replay_or_challenge_result,1090418,0.007420555813466567,6,8,0,3,0,NA,NA,NA,NA,NA,NA,NA,NA
character,penalty_type,1021527,0.07013026024741253,7,38,0,69,0,NA,NA,NA,NA,NA,NA,NA,NA
character,safety_player_name,1098320,2.275685664090421e-4,4,15,0,217,0,NA,NA,NA,NA,NA,NA,NA,NA
character,safety_player_id,1098325,2.230171950808879e-4,10,47,0,224,0,NA,NA,NA,NA,NA,NA,NA,NA
character,series_result,248,0.9997742519821222,4,17,0,11,0,NA,NA,NA,NA,NA,NA,NA,NA
character,start_time,91628,0.916593389588283,7,8,0,48,0,NA,NA,NA,NA,NA,NA,NA,NA
character,time_of_day,157093,0.8570022847884068,7,8,0,62195,0,NA,NA,NA,NA,NA,NA,NA,NA
character,stadium,569653,0.48145953375752115,3,35,0,149,0,NA,NA,NA,NA,NA,NA,NA,NA
character,weather,563302,0.4872406856185769,22,123,0,2682,0,NA,NA,NA,NA,NA,NA,NA,NA
character,nfl_api_id,91628,0.916593389588283,36,36,0,5619,0,NA,NA,NA,NA,NA,NA,NA,NA
character,play_clock,409460,0.6272790991925867,1,2,0,47,0,NA,NA,NA,NA,NA,NA,NA,NA
character,play_type_nfl,91848,0.916393129249843,4,11,0,15,0,NA,NA,NA,NA,NA,NA,NA,NA
character,st_play_type,1097598,8.847865861983939e-4,7,7,0,1,0,NA,NA,NA,NA,NA,NA,NA,NA
character,end_clock_time,893921,0.1862867181881901,4,5,0,902,0,NA,NA,NA,NA,NA,NA,NA,NA
character,end_yard_line,249182,0.7731760379402314,2,7,0,2240,0,NA,NA,NA,NA,NA,NA,NA,NA
character,fixed_drive_result,556,0.9994938875083063,4,17,0,9,0,NA,NA,NA,NA,NA,NA,NA,NA
character,drive_real_start_time,1098570,0,NA,NA,0,0,0,NA,NA,NA,NA,NA,NA,NA,NA
character,drive_time_of_possession,14081,0.9871824280655762,4,5,0,675,0,NA,NA,NA,NA,NA,NA,NA,NA
character,drive_start_transition,18201,0.9834320980911548,4,19,0,29,0,NA,NA,NA,NA,NA,NA,NA,NA
character,drive_end_transition,50801,0.9537571570314136,4,19,0,31,0,NA,NA,NA,NA,NA,NA,NA,NA
character,drive_game_clock_start,14081,0.9871824280655762,4,5,0,1500,0,NA,NA,NA,NA,NA,NA,NA,NA
character,drive_game_clock_end,14081,0.9871824280655762,4,5,0,1500,0,NA,NA,NA,NA,NA,NA,NA,NA
character,drive_start_yard_line,16021,0.9854164959902418,0,6,241,1614,0,NA,NA,NA,NA,NA,NA,NA,NA
character,drive_end_yard_line,16021,0.9854164959902418,0,6,241,1634,0,NA,NA,NA,NA,NA,NA,NA,NA
character,location,0,1,4,7,0,2,0,NA,NA,NA,NA,NA,NA,NA,NA
character,roof,4387,0.9960066267966539,4,8,0,4,0,NA,NA,NA,NA,NA,NA,NA,NA
character,surface,0,1,5,10,0,9,0,NA,NA,NA,NA,NA,NA,NA,NA
character,home_coach,0,1,7,20,0,151,0,NA,NA,NA,NA,NA,NA,NA,NA
character,away_coach,0,1,7,20,0,151,0,NA,NA,NA,NA,NA,NA,NA,NA
character,stadium_id,0,1,5,5,0,59,0,NA,NA,NA,NA,NA,NA,NA,NA
character,game_stadium,0,1,8,35,0,94,0,NA,NA,NA,NA,NA,NA,NA,NA
character,passer,616172,0.4391144851943891,5,16,0,737,0,NA,NA,NA,NA,NA,NA,NA,NA
character,rusher,771805,0.2974457704106247,5,18,0,2248,0,NA,NA,NA,NA,NA,NA,NA,NA
character,receiver,669086,0.3909482327025132,4,18,0,2722,0,NA,NA,NA,NA,NA,NA,NA,NA
character,passer_id,616172,0.4391144851943891,10,10,0,765,0,NA,NA,NA,NA,NA,NA,NA,NA
character,rusher_id,771806,0.29744486013635907,10,10,0,2456,0,NA,NA,NA,NA,NA,NA,NA,NA
character,receiver_id,669086,0.3909482327025132,10,10,0,3088,0,NA,NA,NA,NA,NA,NA,NA,NA
character,name,289407,0.7365602556050138,5,18,0,2325,0,NA,NA,NA,NA,NA,NA,NA,NA
character,id,289408,0.7365593453307482,10,10,0,2538,0,NA,NA,NA,NA,NA,NA,NA,NA
character,fantasy_player_name,381375,0.6528441519429804,5,18,0,3442,0,NA,NA,NA,NA,NA,NA,NA,NA
character,fantasy_player_id,381375,0.6528441519429804,10,10,0,3587,0,NA,NA,NA,NA,NA,NA,NA,NA
character,fantasy,326758,0.7025606015092347,4,18,0,3342,0,NA,NA,NA,NA,NA,NA,NA,NA
character,fantasy_id,326759,0.7025596912349691,10,10,0,3764,0,NA,NA,NA,NA,NA,NA,NA,NA
numeric,play_id,0,1,NA,NA,NA,NA,NA,2084.4356254039344,1219.3576690394557,1,1036,2066,3102,5921,▇▇▇▃▁
numeric,week,0,1,NA,NA,NA,NA,NA,9.522483774361215,5.284186738284365,1,5,10,14,22,▇▆▆▆▁
numeric,yardline_100,85487,0.922183383853555,NA,NA,NA,NA,NA,49.03448977033471,24.905220727748304,1,30,51,70,99,▅▆▆▇▃
numeric,quarter_seconds_remaining,1199,0.9989085811555022,NA,NA,NA,NA,NA,416.734325036838,282.64536464321304,0,150,400,663,900,▇▅▅▅▆
numeric,half_seconds_remaining,1199,0.9989085811555022,NA,NA,NA,NA,NA,815.5808409371124,558.844159835077,0,287,806,1296,1800,▇▅▅▅▅
numeric,game_seconds_remaining,1199,0.9989085811555022,NA,NA,NA,NA,NA,1714.1759377639833,1058.2081334837549,0,801,1800,2607,3600,▇▆▇▆▆
numeric,quarter_end,0,1,NA,NA,NA,NA,NA,0.01757557552090445,0.13140277920743262,0,0,0,0,1,▇▁▁▁▁
numeric,drive,14081,0.9871824280655762,NA,NA,NA,NA,NA,12.280475873890838,7.123816430268896,1,6,12,18,38,▇▇▇▂▁
numeric,sp,0,1,NA,NA,NA,NA,NA,0.07154209563341436,0.2577283155762031,0,0,0,0,1,▇▁▁▁▁
numeric,qtr,0,1,NA,NA,NA,NA,NA,2.5646176392947195,1.1313198255404997,1,2,3,4,6,▇▃▅▁▁
numeric,down,184365,0.8321772850159753,NA,NA,NA,NA,NA,2.0047494817901894,1.0067423782563265,1,1,2,3,4,▇▆▁▃▂
numeric,goal_to_go,13,0.9999881664345467,NA,NA,NA,NA,NA,0.04769165368751918,0.21311311831669968,0,0,0,0,1,▇▁▁▁▁
numeric,ydstogo,0,1,NA,NA,NA,NA,NA,7.136612141238155,4.9257457058179615,0,3,9,10,50,▇▁▁▁▁
numeric,ydsnet,14081,0.9871824280655762,NA,NA,NA,NA,NA,38.70946777698989,28.730318595751015,-39,12,37,65,99,▁▇▇▇▅
numeric,yards_gained,50525,0.9540083927287292,NA,NA,NA,NA,NA,3.9359645816734976,7.807584532205186,-38,0,0,6,99,▁▇▁▁▁
numeric,shotgun,0,1,NA,NA,NA,NA,NA,0.2984989577359661,0.45759973839118473,0,0,0,1,1,▇▁▁▁▃
numeric,no_huddle,0,1,NA,NA,NA,NA,NA,0.043568457176147136,0.20413300724484748,0,0,0,0,1,▇▁▁▁▁
numeric,qb_dropback,50328,0.9541877167590596,NA,NA,NA,NA,NA,0.4362780731930223,0.4959231297944922,0,0,0,1,1,▇▁▁▁▆
numeric,qb_kneel,0,1,NA,NA,NA,NA,NA,0.00735046469501261,0.08541921332781825,0,0,0,0,1,▇▁▁▁▁
numeric,qb_spike,0,1,NA,NA,NA,NA,NA,0.0015210682978781499,0.03897122055563391,0,0,0,0,1,▇▁▁▁▁
numeric,qb_scramble,0,1,NA,NA,NA,NA,NA,0.014260356645457247,0.1185622691649317,0,0,0,0,1,▇▁▁▁▁
numeric,air_yards,804184,0.267971999963589,NA,NA,NA,NA,NA,8.308679760586442,10.100947914566389,-93,2,6,13,78,▁▁▇▃▁
numeric,yards_after_catch,915119,0.1669907243052332,NA,NA,NA,NA,NA,5.121536541092717,7.023980347723798,-72,1,3,7,91,▁▁▇▁▁
numeric,kick_distance,964499,0.1220413810681158,NA,NA,NA,NA,NA,41.25097895890983,15.058408894839559,-2,31,41,53,88,▁▇▇▆▁
numeric,home_timeouts_remaining,0,1,NA,NA,NA,NA,NA,2.5088369425707966,0.7915343388518676,-1,2,3,3,3,▁▁▁▃▇
numeric,away_timeouts_remaining,0,1,NA,NA,NA,NA,NA,2.4807158396824964,0.813320107324933,0,2,3,3,3,▁▁▁▃▇
numeric,timeout,50525,0.9540083927287292,NA,NA,NA,NA,NA,0.04347332414161605,0.20392016552278353,0,0,0,0,1,▇▁▁▁▁
numeric,posteam_timeouts_remaining,74782,0.931927869867191,NA,NA,NA,NA,NA,2.5355298167198677,0.7704586202045379,-1,2,3,3,3,▁▁▁▂▇
numeric,defteam_timeouts_remaining,74782,0.931927869867191,NA,NA,NA,NA,NA,2.5542592802416126,0.7423333886351559,-1,2,3,3,3,▁▁▁▂▇
numeric,total_home_score,0,1,NA,NA,NA,NA,NA,11.808507423286635,10.161861231134086,0,3,10,17,62,▇▅▁▁▁
numeric,total_away_score,0,1,NA,NA,NA,NA,NA,10.394369043392777,9.571924926888174,0,3,7,17,59,▇▃▁▁▁
numeric,posteam_score,75540,0.9312378819738387,NA,NA,NA,NA,NA,10.229523083389541,9.55150831293642,0,0,7,17,62,▇▃▁▁▁
numeric,defteam_score,75540,0.9312378819738387,NA,NA,NA,NA,NA,11.41926434219915,10.011129519281944,0,3,10,17,62,▇▅▁▁▁
numeric,score_differential,75540,0.9312378819738387,NA,NA,NA,NA,NA,-1.1897412588096141,10.834589890553639,-59,-7,0,4,59,▁▂▇▁▁
numeric,posteam_score_post,74782,0.931927869867191,NA,NA,NA,NA,NA,10.472527515462184,9.629131505015522,0,3,7,17,62,▇▃▁▁▁
numeric,defteam_score_post,74782,0.931927869867191,NA,NA,NA,NA,NA,11.424630880612003,10.018617374348864,0,3,10,17,62,▇▅▁▁▁
numeric,score_differential_post,74782,0.931927869867191,NA,NA,NA,NA,NA,-0.9521033651498161,10.915129362273541,-59,-7,0,6,59,▁▂▇▁▁
numeric,no_score_prob,0,1,NA,NA,NA,NA,NA,0.1318170844272374,0.2041972997826963,0,0.006777436123229563,0.03241235762834549,0.17009594291448593,1,▇▁▁▁▁
numeric,opp_fg_prob,0,1,NA,NA,NA,NA,NA,0.0900442372636615,0.07039615565190616,0,0.02218738803640008,0.08674044534564018,0.14487330988049507,0.42820701003074646,▇▆▂▁▁
numeric,opp_safety_prob,0,1,NA,NA,NA,NA,NA,0.0024300688393332974,0.005656309098386118,0,4.499515416682698e-4,0.0013044169172644615,0.002646706940140575,0.3727701008319855,▇▁▁▁▁
numeric,opp_td_prob,0,1,NA,NA,NA,NA,NA,0.13686450993658264,0.11023031029440622,0,0.030053429771214724,0.12771396338939667,0.22834347561001778,0.5410013794898987,▇▅▅▁▁
numeric,fg_prob,0,1,NA,NA,NA,NA,NA,0.2320199917491022,0.16120988501708008,0,0.14781925082206726,0.21269237995147705,0.2992970049381256,0.9976794235436337,▇▇▂▁▁
numeric,safety_prob,0,1,NA,NA,NA,NA,NA,0.0026556686697281505,0.002310675572790794,0,0.001050723367370665,0.0024312720634043217,0.003875198948662728,0.3445877730846405,▇▁▁▁▁
numeric,td_prob,0,1,NA,NA,NA,NA,NA,0.2910022321016449,0.174859975956561,0,0.1884789690375328,0.3141609728336334,0.39814645051956177,0.9335877299308777,▅▇▅▁▁
numeric,extra_point_prob,0,1,NA,NA,NA,NA,NA,0.02504230941374404,0.1535238490465528,0,0,0,0,0.9963630685616458,▇▁▁▁▁
numeric,two_point_conversion_prob,0,1,NA,NA,NA,NA,NA,8.469442092902586e-4,0.02000777681298465,0,0,0,0,0.4735,▇▁▁▁▁
numeric,ep,17843,0.9837579762782527,NA,NA,NA,NA,NA,1.687473113671753,1.7057576445967129,-3.8036762471310794,0.4870520166296046,1.4019992728717625,2.8423898457549512,6.593665642023552,▁▃▇▅▁
numeric,epa,18018,0.9835986782817663,NA,NA,NA,NA,NA,-0.007954446230637966,1.2560468088794987,-13.58485902735265,-0.5379002675181255,-0,0.5221822524326853,9.579868719680235,▁▁▇▃▁
numeric,total_home_epa,0,1,NA,NA,NA,NA,NA,0.24846134966507072,12.107505734241665,-63.419816149475174,-6.520948685618038,0.1629172118846327,7.009262653625,65.34455354430793,▁▂▇▁▁
numeric,total_away_epa,0,1,NA,NA,NA,NA,NA,-0.22035254191216969,12.12565119448133,-65.34455354430793,-6.986512561861116,-0.1464349998728821,6.554438007757298,73.00163108506858,▁▂▇▁▁
numeric,total_home_rush_epa,0,1,NA,NA,NA,NA,NA,-0.06469372946176401,5.308144641341979,-32.110373332952676,-2.927859448711388,0,2.827283695190957,33.16040635136608,▁▁▇▁▁
numeric,total_away_rush_epa,0,1,NA,NA,NA,NA,NA,0.06469372946176401,5.308144641341979,-33.16040635136608,-2.827283695190957,0,2.927859448711388,32.110373332952676,▁▁▇▁▁
numeric,total_home_pass_epa,0,1,NA,NA,NA,NA,NA,-0.1637843757034343,10.596039297207732,-60.38258939230582,-6.080178061468196,0,5.74475710087931,53.981246434958145,▁▁▇▂▁
numeric,total_away_pass_epa,0,1,NA,NA,NA,NA,NA,0.16382928846033679,10.595990115688988,-53.981246434958145,-5.74475710087931,0,6.080178061468196,60.38258939230582,▁▂▇▁▁
numeric,air_epa,805471,0.26680047698371523,NA,NA,NA,NA,NA,0.5055065487066353,1.354761434024009,-11.79624876496382,-0.4898784961551428,0.2779173366725445,1.3612197960610501,7.454971208120696,▁▁▅▇▁
numeric,yac_epa,805500,0.2667740790300117,NA,NA,NA,NA,NA,-0.36660423146545995,1.924923089183378,-14,-0.8769923797808588,0,0.5234156415099278,9.848225327499676,▁▁▇▅▁
numeric,comp_air_epa,364010,0.6686510645657537,NA,NA,NA,NA,NA,0.05577522160824954,0.6080947516859125,-11.79624876496382,0,0,0,7.423614024184644,▁▁▁▇▁
numeric,comp_yac_epa,364019,0.668642872097363,NA,NA,NA,NA,NA,0.1588122908959473,0.5770241464224364,-10.914922855328768,0,0,0,9.848225327499676,▁▁▇▁▁
numeric,total_home_comp_air_epa,328090,0.7013481161874073,NA,NA,NA,NA,NA,-0.1715972755615049,6.026821816064234,-34.2570441190619,-3.49196311540436,0,3.224452398380345,30.63045173761202,▁▁▇▂▁
numeric,total_away_comp_air_epa,328090,0.7013481161874073,NA,NA,NA,NA,NA,0.1715972755615049,6.026821816064234,-30.63045173761202,-3.224452398380345,0,3.49196311540436,34.2570441190619,▁▂▇▁▁
numeric,total_home_comp_yac_epa,328090,0.7013481161874073,NA,NA,NA,NA,NA,-0.06711449665539697,6.386129449480004,-32.63186197145842,-3.6308591519482434,0,3.5630386369884945,35.91268990805838,▁▂▇▁▁
numeric,total_away_comp_yac_epa,328090,0.7013481161874073,NA,NA,NA,NA,NA,0.06711449665539697,6.386129449480004,-35.91268990805838,-3.5630386369884945,0,3.6308591519482434,32.63186197145842,▁▁▇▂▁
numeric,total_home_raw_air_epa,328090,0.7013481161874073,NA,NA,NA,NA,NA,-0.5431016530492653,9.369514500698392,-67.52350558768376,-5.610673192248214,-0.13607840356417,4.56955827208003,62.42438889516052,▁▁▇▁▁
numeric,total_away_raw_air_epa,328090,0.7013481161874073,NA,NA,NA,NA,NA,0.5431016530492653,9.369514500698392,-62.42438889516052,-4.56955827208003,0.13607840356417,5.610673192248214,67.52350558768376,▁▁▇▁▁
numeric,total_home_raw_yac_epa,328090,0.7013481161874073,NA,NA,NA,NA,NA,0.28727892012474604,12.25002005575581,-66.52721119566374,-6.30992435511531,0,6.773971046050304,83.97783668081532,▁▃▇▁▁
numeric,total_away_raw_yac_epa,328090,0.7013481161874073,NA,NA,NA,NA,NA,-0.28727892012474604,12.25002005575581,-83.97783668081532,-6.773971046050304,0,6.30992435511531,66.52721119566374,▁▁▇▃▁
numeric,wp,6298,0.994267092675023,NA,NA,NA,NA,NA,0.5092682336602672,0.3000892471142395,0,0.2650805339217186,0.5197814106941223,0.7546021823708784,0.999977398025294,▇▆▇▇▇
numeric,def_wp,6298,0.994267092675023,NA,NA,NA,NA,NA,0.49073176633973276,0.3000892471142395,2.2601974706049077e-5,0.24539781762912163,0.4802185893058777,0.7349194660782814,1,▇▇▇▆▇
numeric,home_wp,0,1,NA,NA,NA,NA,NA,0.5651212434687914,0.29463946094535143,0,0.34911757707595825,0.58470419049263,0.8092272281646729,1,▅▅▇▇▇
numeric,away_wp,0,1,NA,NA,NA,NA,NA,0.43487875653120855,0.29463946094535143,0,0.19077277183532715,0.41529580950737,0.6508824229240417,1,▇▇▇▅▅
numeric,wpa,14462,0.9868356135703688,NA,NA,NA,NA,NA,2.3231512244109806e-4,0.041179407416532865,-0.999494194984436,-0.01393437385559082,-0,0.01011665165424347,0.9997061546600889,▁▁▇▁▁
numeric,vegas_wpa,14462,0.9868356135703688,NA,NA,NA,NA,NA,5.26771687176859e-4,0.0399261106770947,-0.9998733997344971,-0.011666126549243927,0,0.008488729596138,0.9998747144678148,▁▁▇▁▁
numeric,vegas_home_wpa,6134,0.9944163776545873,NA,NA,NA,NA,NA,4.930193089403416e-6,0.039854870927841776,-0.9998747144678148,-0.010171317495405674,0,0.010242700576782227,0.9998733997344971,▁▁▇▁▁
numeric,home_wp_post,84757,0.9228478840674695,NA,NA,NA,NA,NA,0.5654515316738287,0.2932497903348318,0,0.3504820764064789,0.588352620601654,0.8072708249092102,1,▅▅▇▇▇
numeric,away_wp_post,84757,0.9228478840674695,NA,NA,NA,NA,NA,0.4345613652772663,0.293342597120003,-0.9994123093201779,0.19272546470165253,0.41165006160736084,0.6495179235935211,1.9977154731750488,▁▃▇▂▁
numeric,vegas_wp,6298,0.994267092675023,NA,NA,NA,NA,NA,0.5093007509900243,0.3234289117543515,0,0.22046128660440445,0.5167959928512573,0.799371525645256,0.9999985694885254,▇▆▆▆▇
numeric,vegas_home_wp,0,1,NA,NA,NA,NA,NA,0.5658029819469882,0.3181085215410204,0,0.2971372455358505,0.60519078373909,0.8528302535414696,1,▅▃▅▅▇
numeric,total_home_rush_wpa,0,1,NA,NA,NA,NA,NA,-0.005736035352490824,0.15295769414640503,-1.0790940578000532,-0.08720871806144714,0,0.08142374248139406,1.0827744475655492,▁▁▇▁▁
numeric,total_away_rush_wpa,0,1,NA,NA,NA,NA,NA,0.005736035352490824,0.15295769414640503,-1.0827744475655492,-0.08142374248139406,0,0.08720871806144714,1.0790940578000532,▁▁▇▁▁
numeric,total_home_pass_wpa,0,1,NA,NA,NA,NA,NA,-0.011704553292779056,0.2612775797505144,-1.8669247376815488,-0.1780981719493866,0.0036022216081619263,0.1692317584797332,1.7035376865755814,▁▁▇▁▁
numeric,total_away_pass_wpa,0,1,NA,NA,NA,NA,NA,0.011704553292779056,0.2612775797505144,-1.7035376865755814,-0.1692317584797332,-0.0036022216081619263,0.1780981719493866,1.8669247376815488,▁▁▇▁▁
numeric,air_wpa,805469,0.2668022975322465,NA,NA,NA,NA,NA,0.0031944892416476147,0.04235070909282636,-0.9980781078338623,0,0,0,0.9912653528153896,▁▁▇▁▁
numeric,yac_wpa,805469,0.2668022975322465,NA,NA,NA,NA,NA,3.550292191821682e-4,0.05655707094397412,-0.99085608497262,-0.015901625156402588,0,0.011798828840255737,1,▁▁▇▁▁
numeric,comp_air_wpa,364008,0.668652885114285,NA,NA,NA,NA,NA,0.001331281430309251,0.021105782500084776,-0.99611663818359375,0,0,0,0.9882552844937891,▁▁▇▁▁
numeric,comp_yac_wpa,364008,0.668652885114285,NA,NA,NA,NA,NA,0.004087812878937085,0.026691557398439505,-0.9883022714639083,0,0,0,1,▁▁▇▁▁
numeric,total_home_comp_air_wpa,328090,0.7013481161874073,NA,NA,NA,NA,NA,-0.006595088517105849,0.1518415145504115,-1.9444250103439105,-0.04968388275176994,0,0.04606897134688148,3.0175069247978037,▁▇▃▁▁
numeric,total_away_comp_air_wpa,328090,0.7013481161874073,NA,NA,NA,NA,NA,0.006595088517105849,0.1518415145504115,-3.0175069247978037,-0.04606897134688148,0,0.04968388275176994,1.9444250103439105,▁▁▃▇▁
numeric,total_home_comp_yac_wpa,328090,0.7013481161874073,NA,NA,NA,NA,NA,-1.2000175624890671e-4,0.23046011134609773,-2.555464788224241,-0.11639988422393799,0,0.11682116985321045,2.106908860423353,▁▁▇▁▁
numeric,total_away_comp_yac_wpa,328090,0.7013481161874073,NA,NA,NA,NA,NA,1.2000175624890671e-4,0.23046011134609773,-2.106908860423353,-0.11682116985321045,0,0.11639988422393799,2.555464788224241,▁▁▇▁▁
numeric,total_home_raw_air_wpa,328090,0.7013481161874073,NA,NA,NA,NA,NA,-0.011168386565439632,0.1927320921131443,-2.9340697821495256,-0.05357837677001953,0,0.04698159838693505,3.905425994589482,▁▁▇▁▁
numeric,total_away_raw_air_wpa,328090,0.7013481161874073,NA,NA,NA,NA,NA,0.011168386565439632,0.1927320921131443,-3.905425994589482,-0.04698159838693505,0,0.05357837677001953,2.9340697821495256,▁▁▇▁▁
numeric,total_home_raw_yac_wpa,328090,0.7013481161874073,NA,NA,NA,NA,NA,-0.0026903383881771385,0.30053654108944405,-3.7097175012884205,-0.1533583104610443,0,0.14303510306494469,3.265507598971233,▁▁▇▁▁
numeric,total_away_raw_yac_wpa,328090,0.7013481161874073,NA,NA,NA,NA,NA,0.0026903383881771385,0.30053654108944405,-3.265507598971233,-0.14303510306494469,0,0.1533583104610443,3.7097175012884205,▁▁▇▁▁
numeric,punt_blocked,50525,0.9540083927287292,NA,NA,NA,NA,NA,3.024679283809378e-4,0.017388983007877862,0,0,0,0,1,▇▁▁▁▁
numeric,first_down_rush,50525,0.9540083927287292,NA,NA,NA,NA,NA,0.07168966981379617,0.25797349583877194,0,0,0,0,1,▇▁▁▁▁
numeric,first_down_pass,50525,0.9540083927287292,NA,NA,NA,NA,NA,0.13458868655448952,0.3412838747160773,0,0,0,0,1,▇▁▁▁▁
numeric,first_down_penalty,50525,0.9540083927287292,NA,NA,NA,NA,NA,0.019788272450133332,0.13927209063948912,0,0,0,0,1,▇▁▁▁▁
numeric,third_down_converted,50525,0.9540083927287292,NA,NA,NA,NA,NA,0.06017108044024827,0.23780364899861764,0,0,0,0,1,▇▁▁▁▁
numeric,third_down_failed,50525,0.9540083927287292,NA,NA,NA,NA,NA,0.09510087830198129,0.2933543648216251,0,0,0,0,1,▇▁▁▁▁
numeric,fourth_down_converted,50525,0.9540083927287292,NA,NA,NA,NA,NA,0.005742119851723924,0.07555893963498897,0,0,0,0,1,▇▁▁▁▁
numeric,fourth_down_failed,50525,0.9540083927287292,NA,NA,NA,NA,NA,0.00593295135227972,0.07679685584657968,0,0,0,0,1,▇▁▁▁▁
numeric,incomplete_pass,50525,0.9540083927287292,NA,NA,NA,NA,NA,0.14255017675767742,0.34961370180594376,0,0,0,0,1,▇▁▁▁▁
numeric,touchback,0,1,NA,NA,NA,NA,NA,0.023482345230618002,0.15142967201489163,0,0,0,0,1,▇▁▁▁▁
numeric,interception,50525,0.9540083927287292,NA,NA,NA,NA,NA,0.01112929311241407,0.10490682746207507,0,0,0,0,1,▇▁▁▁▁
numeric,punt_inside_twenty,50525,0.9540083927287292,NA,NA,NA,NA,NA,0.017976327352356058,0.132865329756134,0,0,0,0,1,▇▁▁▁▁
numeric,punt_in_endzone,50525,0.9540083927287292,NA,NA,NA,NA,NA,3.339551259726445e-5,0.005778791326959958,0,0,0,0,1,▇▁▁▁▁
numeric,punt_out_of_bounds,50525,0.9540083927287292,NA,NA,NA,NA,NA,0.0051133300573925735,0.07132453131353966,0,0,0,0,1,▇▁▁▁▁
numeric,punt_downed,50525,0.9540083927287292,NA,NA,NA,NA,NA,0.007430978631642728,0.08588228121016313,0,0,0,0,1,▇▁▁▁▁
numeric,punt_fair_catch,50525,0.9540083927287292,NA,NA,NA,NA,NA,0.012493738341388016,0.11107500445965617,0,0,0,0,1,▇▁▁▁▁
numeric,kickoff_inside_twenty,50525,0.9540083927287292,NA,NA,NA,NA,NA,0.0064730044988526225,0.08019420707197665,0,0,0,0,1,▇▁▁▁▁
numeric,kickoff_in_endzone,50525,0.9540083927287292,NA,NA,NA,NA,NA,0.011002390164544478,0.10431369976053685,0,0,0,0,1,▇▁▁▁▁
numeric,kickoff_out_of_bounds,50525,0.9540083927287292,NA,NA,NA,NA,NA,7.356554346425972e-4,0.0271130032851308,0,0,0,0,1,▇▁▁▁▁
numeric,kickoff_downed,50525,0.9540083927287292,NA,NA,NA,NA,NA,3.8166300111159326e-5,0.006177773050218164,0,0,0,0,1,▇▁▁▁▁
numeric,kickoff_fair_catch,50525,0.9540083927287292,NA,NA,NA,NA,NA,9.636990778067718e-5,0.009816349248312638,0,0,0,0,1,▇▁▁▁▁
numeric,fumble_forced,50525,0.9540083927287292,NA,NA,NA,NA,NA,0.01097281128195831,0.10417494444176967,0,0,0,0,1,▇▁▁▁▁
numeric,fumble_not_forced,50525,0.9540083927287292,NA,NA,NA,NA,NA,0.005325153023009507,0.072779123533286,0,0,0,0,1,▇▁▁▁▁
numeric,fumble_out_of_bounds,50525,0.9540083927287292,NA,NA,NA,NA,NA,0.001254717116154364,0.03539977396551467,0,0,0,0,1,▇▁▁▁▁
numeric,solo_tackle,50525,0.9540083927287292,NA,NA,NA,NA,NA,0.4764241993425855,0.49944411061962346,0,0,0,1,1,▇▁▁▁▇
numeric,safety,50525,0.9540083927287292,NA,NA,NA,NA,NA,3.730755835865827e-4,0.019311570470469743,0,0,0,0,1,▇▁▁▁▁
numeric,penalty,50525,0.9540083927287292,NA,NA,NA,NA,NA,0.07373538349975431,0.2613398972362713,0,0,0,0,1,▇▁▁▁▁
numeric,tackled_for_loss,50525,0.9540083927287292,NA,NA,NA,NA,NA,0.029865129836982186,0.17021525049721078,0,0,0,0,1,▇▁▁▁▁
numeric,fumble_lost,50525,0.9540083927287292,NA,NA,NA,NA,NA,0.007655205644795784,0.08715853784738917,0,0,0,0,1,▇▁▁▁▁
numeric,own_kickoff_recovery,50525,0.9540083927287292,NA,NA,NA,NA,NA,2.4712679321975634e-4,0.015718331886929632,0,0,0,0,1,▇▁▁▁▁
numeric,own_kickoff_recovery_td,50525,0.9540083927287292,NA,NA,NA,NA,NA,9.54157502778982e-7,9.768098600950877e-4,0,0,0,0,1,▇▁▁▁▁
numeric,qb_hit,50525,0.9540083927287292,NA,NA,NA,NA,NA,0.04588161767863027,0.20922843164238794,0,0,0,0,1,▇▁▁▁▁
numeric,rush_attempt,50525,0.9540083927287292,NA,NA,NA,NA,NA,0.3186847892981695,0.4659667386623199,0,0,0,1,1,▇▁▁▁▃
numeric,pass_attempt,50525,0.9540083927287292,NA,NA,NA,NA,NA,0.4246687880768479,0.49429287030579566,0,0,0,1,1,▇▁▁▁▆
numeric,sack,50525,0.9540083927287292,NA,NA,NA,NA,NA,0.026963536871031302,0.16197694152013542,0,0,0,0,1,▇▁▁▁▁
numeric,touchdown,50525,0.9540083927287292,NA,NA,NA,NA,NA,0.0290970330472451,0.16807862050375538,0,0,0,0,1,▇▁▁▁▁
numeric,pass_touchdown,50525,0.9540083927287292,NA,NA,NA,NA,NA,0.016936295674326952,0.1290328386472942,0,0,0,0,1,▇▁▁▁▁
numeric,rush_touchdown,50525,0.9540083927287292,NA,NA,NA,NA,NA,0.00968946944072058,0.09795709662084069,0,0,0,0,1,▇▁▁▁▁
numeric,return_touchdown,50525,0.9540083927287292,NA,NA,NA,NA,NA,0.0022794822741389917,0.04768949994212801,0,0,0,0,1,▇▁▁▁▁
numeric,extra_point_attempt,50525,0.9540083927287292,NA,NA,NA,NA,NA,0.027105706338945365,0.16239153975780735,0,0,0,0,1,▇▁▁▁▁
numeric,two_point_attempt,50525,0.9540083927287292,NA,NA,NA,NA,NA,0.0018749194929607034,0.04325974983135766,0,0,0,0,1,▇▁▁▁▁
numeric,field_goal_attempt,50525,0.9540083927287292,NA,NA,NA,NA,NA,0.022192749357136384,0.14731005375929296,0,0,0,0,1,▇▁▁▁▁
numeric,kickoff_attempt,50498,0.9540329701339013,NA,NA,NA,NA,NA,0.05856372462960561,0.2348064466583969,0,0,0,0,1,▇▁▁▁▁
numeric,punt_attempt,50525,0.9540083927287292,NA,NA,NA,NA,NA,0.0547314285169053,0.22745537719220404,0,0,0,0,1,▇▁▁▁▁
numeric,fumble,50525,0.9540083927287292,NA,NA,NA,NA,NA,0.016238806539795515,0.12639273295859219,0,0,0,0,1,▇▁▁▁▁
numeric,complete_pass,50525,0.9540083927287292,NA,NA,NA,NA,NA,0.24267374015428733,0.4286996283554495,0,0,0,0,1,▇▁▁▁▂
numeric,assist_tackle,50525,0.9540083927287292,NA,NA,NA,NA,NA,0.13535201255671275,0.3420993377960261,0,0,0,0,1,▇▁▁▁▁
numeric,lateral_reception,50525,0.9540083927287292,NA,NA,NA,NA,NA,2.1277712311971333e-4,0.014585336883167023,0,0,0,0,1,▇▁▁▁▁
numeric,lateral_rush,50525,0.9540083927287292,NA,NA,NA,NA,NA,3.721214260838033e-5,0.00610006502996325,0,0,0,0,1,▇▁▁▁▁
numeric,lateral_return,50525,0.9540083927287292,NA,NA,NA,NA,NA,2.776598333086835e-4,0.016660822404177992,0,0,0,0,1,▇▁▁▁▁
numeric,lateral_recovery,50525,0.9540083927287292,NA,NA,NA,NA,NA,0.001992280865802518,0.044590509975986924,0,0,0,0,1,▇▁▁▁▁
numeric,passing_yards,844237,0.23151278480206083,NA,NA,NA,NA,NA,11.454679494992785,10.155601152890332,-22,5,9,15,99,▁▇▁▁▁
numeric,receiving_yards,844237,0.23151278480206083,NA,NA,NA,NA,NA,11.449501244431513,10.148341932961369,-22,5,9,15,99,▁▇▁▁▁
numeric,rushing_yards,765120,0.30353095387640294,NA,NA,NA,NA,NA,4.177474883790673,6.277634572361271,-34,1,3,6,99,▁▇▁▁▁
numeric,lateral_receiving_yards,1098347,2.0299116123689842e-4,NA,NA,NA,NA,NA,5.941704035874439,10.321900567115344,-21,0,4,10,62,▁▇▂▁▁
numeric,lateral_rushing_yards,1098531,3.550069635982478e-5,NA,NA,NA,NA,NA,9.692307692307692,9.878615517086033,0,4,6,12,44,▇▃▁▁▁
numeric,tackle_with_assist,50525,0.9540083927287292,NA,NA,NA,NA,NA,0.07944029120886999,0.2704248529974212,0,0,0,0,1,▇▁▁▁▁
numeric,fumble_recovery_1_yards,1082877,0.014284934050629472,NA,NA,NA,NA,NA,2.3068246989103423,9.281173192373814,-100,0,0,0,104,▁▁▇▁▁
numeric,fumble_recovery_2_yards,1098447,1.1196373467325937e-4,NA,NA,NA,NA,NA,3.926829268292683,12.171702422588814,-16,0,0,1.5,77,▇▂▁▁▁
numeric,return_yards,50525,0.9540083927287292,NA,NA,NA,NA,NA,1.215521280097707,5.810803247891786,-100,0,0,0,109,▁▁▇▁▁
numeric,penalty_yards,1021292,0.07034417469983711,NA,NA,NA,NA,NA,8.364502186909599,5.267519745457818,0,5,5,10,66,▇▂▁▁▁
numeric,replay_or_challenge,0,1,NA,NA,NA,NA,NA,0.0074205558134665915,0.08582247881242441,0,0,0,0,1,▇▁▁▁▁
numeric,defensive_two_point_attempt,50525,0.9540083927287292,NA,NA,NA,NA,NA,4.7707875138949524e-5,0.006906927291951021,0,0,0,0,1,▇▁▁▁▁
numeric,defensive_two_point_conv,50525,0.9540083927287292,NA,NA,NA,NA,NA,1.0495732530568788e-5,0.0032396963414267495,0,0,0,0,1,▇▁▁▁▁
numeric,defensive_extra_point_attempt,50525,0.9540083927287292,NA,NA,NA,NA,NA,0,0,0,0,0,0,0,▁▁▇▁▁
numeric,defensive_extra_point_conv,50525,0.9540083927287292,NA,NA,NA,NA,NA,0,0,0,0,0,0,0,▁▁▇▁▁
numeric,season,0,1,NA,NA,NA,NA,NA,2010.1182082161356,6.627584365671061,1999,2004,2010,2016,2021,▇▆▇▆▇
numeric,cp,811614,0.2612086621699118,NA,NA,NA,NA,NA,0.6348154096544791,0.17004701657348936,0.09544014185667038,0.5279483497142792,0.6781390309333801,0.7639535367488861,0.926070511341095,▁▃▃▇▆
numeric,cpoe,811614,0.2612086621699118,NA,NA,NA,NA,NA,0.06548366550596109,44.90345874861157,-92.05909371376038,-44.26913559436798,20.371761918067932,32.09476172924042,85.26444137096405,▃▃▁▇▁
numeric,series,0,1,NA,NA,NA,NA,NA,29.29300545254285,17.06057955007624,1,15,29,44,82,▇▇▇▃▁
numeric,series_success,0,1,NA,NA,NA,NA,NA,0.550455592269951,0.49744794547782784,0,0,1,1,1,▆▁▁▁▇
numeric,order_sequence,91628,0.916593389588283,NA,NA,NA,NA,NA,2089.286688328847,1223.2124087724426,1,1038,2071,3110,5921,▇▇▇▃▁
numeric,play_deleted,91628,0.916593389588283,NA,NA,NA,NA,NA,0,0,0,0,0,0,0,▁▁▇▁▁
numeric,special_teams_play,91628,0.916593389588283,NA,NA,NA,NA,NA,0.15910747590228633,0.36577646163240873,0,0,0,0,1,▇▁▁▁▂
numeric,fixed_drive,0,1,NA,NA,NA,NA,NA,12.20017932403033,7.136661236285931,1,6,12,18,38,▇▆▆▁▁
numeric,drive_play_count,14081,0.9871824280655762,NA,NA,NA,NA,NA,7.189677350346567,3.602393232327467,0,4,7,10,24,▅▇▅▁▁
numeric,drive_first_downs,14081,0.9871824280655762,NA,NA,NA,NA,NA,2.3803994323593884,1.8755856899745,0,1,2,4,9,▇▇▅▁▁
numeric,drive_inside20,14081,0.9871824280655762,NA,NA,NA,NA,NA,0.37966636821581407,0.4853040636890067,0,0,0,1,1,▇▁▁▁▅
numeric,drive_ended_with_score,14081,0.9871824280655762,NA,NA,NA,NA,NA,0.4375959553301142,0.4960906793535729,0,0,0,1,1,▇▁▁▁▆
numeric,drive_quarter_start,14081,0.9871824280655762,NA,NA,NA,NA,NA,2.5190509078469216,1.130511492046773,1,2,3,4,5,▇▇▇▇▁
numeric,drive_quarter_end,14081,0.9871824280655762,NA,NA,NA,NA,NA,2.6349700181375746,1.1228361579111892,1,2,3,4,6,▇▃▅▁▁
numeric,drive_yards_penalized,105709,0.9037758176538591,NA,NA,NA,NA,NA,0.0910671282284217,7.611621086271443,-40,0,0,0,77,▁▇▁▁▁
numeric,drive_play_id_started,14081,0.9871824280655762,NA,NA,NA,NA,NA,1994.7812905432884,1209.712470152506,10,953,1986,3005,5764,▇▇▇▃▁
numeric,drive_play_id_ended,14081,0.9871824280655762,NA,NA,NA,NA,NA,2192.7340221984737,1213.3905594679325,34,1149,2164,3206,5921,▇▇▇▅▁
numeric,away_score,0,1,NA,NA,NA,NA,NA,21.140365202035373,10.101971087488094,0,14,21,28,59,▃▇▆▂▁
numeric,home_score,0,1,NA,NA,NA,NA,NA,23.40198530817335,10.330063582737433,0,16,23,30,62,▂▇▆▂▁
numeric,result,0,1,NA,NA,NA,NA,NA,2.2616201061379795,14.548871420505362,-49,-7,3,11,59,▁▃▇▂▁
numeric,total,0,1,NA,NA,NA,NA,NA,44.54235051020873,14.34748784077857,3,34,44,54,106,▁▇▆▂▁
numeric,spread_line,0,1,NA,NA,NA,NA,NA,2.339101286217539,5.952923025351251,-19,-3,3,6.5,27,▁▅▇▂▁
numeric,total_line,0,1,NA,NA,NA,NA,NA,43.481633851279376,5.017518021658727,30,40,43.5,47,63.5,▂▇▇▂▁
numeric,div_game,0,1,NA,NA,NA,NA,NA,0.380814149303185,0.4855872193867445,0,0,0,1,1,▇▁▁▁▅
numeric,temp,317103,0.7113492995439525,NA,NA,NA,NA,NA,58.22617333809361,16.860510369502123,-6,46,59,71,109,▁▃▇▇▁
numeric,wind,317103,0.7113492995439525,NA,NA,NA,NA,NA,8.494006784675488,5.383877047778842,0,5,8,12,71,▇▁▁▁▁
numeric,aborted_play,0,1,NA,NA,NA,NA,NA,0.002607935771047818,0.051001341255008464,0,0,0,0,1,▇▁▁▁▁
numeric,success,18018,0.9835986782817663,NA,NA,NA,NA,NA,0.41713494584249533,0.49308580166962673,0,0,0,1,1,▇▁▁▁▆
numeric,passer_jersey_number,656502,0.40240312406127965,NA,NA,NA,NA,NA,9.03425717310459,4.860778988279489,1,5,9,12,92,▇▁▁▁▁
numeric,rusher_jersey_number,794957,0.2763711006126146,NA,NA,NA,NA,NA,27.7503301900775,10.75144904832512,1,22,28,33,99,▂▇▁▁▁
numeric,receiver_jersey_number,702732,0.3603211447609165,NA,NA,NA,NA,NA,53.07991400522436,32.341174900030225,1,18,80,84,99,▅▃▁▁▇
numeric,pass,0,1,NA,NA,NA,NA,NA,0.43929380922471944,0.49630130225070546,0,0,0,1,1,▇▁▁▁▆
numeric,rush,0,1,NA,NA,NA,NA,NA,0.2900707283104399,0.4537949849222303,0,0,0,1,1,▇▁▁▁▃
numeric,first_down,50525,0.9540083927287292,NA,NA,NA,NA,NA,0.223826267001894,0.41680719159581336,0,0,0,0,1,▇▁▁▁▂
numeric,special,0,1,NA,NA,NA,NA,NA,0.15393466051321264,0.360886269285787,0,0,0,0,1,▇▁▁▁▂
numeric,play,0,1,NA,NA,NA,NA,NA,0.752477311413929,0.43157314184813556,0,1,1,1,1,▂▁▁▁▇
numeric,jersey_number,367370,0.6655925430332159,NA,NA,NA,NA,NA,16.811021608315098,12.101034042875968,1,8,12,26,99,▇▅▁▁▁
numeric,out_of_bounds,0,1,NA,NA,NA,NA,NA,0.06955041554020228,0.25438792059600834,0,0,0,0,1,▇▁▁▁▁
numeric,home_opening_kickoff,0,1,NA,NA,NA,NA,NA,0.48775408030439565,0.4998502424557511,0,0,0,1,1,▇▁▁▁▇
numeric,qb_epa,18018,0.9835986782817663,NA,NA,NA,NA,NA,-7.359714411560366e-4,1.2454625465492268,-13.58485902735265,-0.5353464668150991,0,0.5254294750135534,9.579868719680235,▁▁▇▃▁
numeric,xyac_epa,831471,0.24313334607717307,NA,NA,NA,NA,NA,0.6872020672438497,0.5040984516422667,-1.2820399739124755,0.30739913538713626,0.5661891744628638,0.920687893258089,13.028142577118448,▇▁▁▁▁
numeric,xyac_mean_yardage,831419,0.2431806803389861,NA,NA,NA,NA,NA,5.217610647958738,2.983742858931366,-77.34254090196919,3.6430345882508846,4.496286971581867,6.384836019860813,78.85111491640419,▁▁▇▁▁
numeric,xyac_median_yardage,831419,0.2431806803389861,NA,NA,NA,NA,NA,3.4332418744455384,2.3961516593295906,0,2,3,5,48,▇▁▁▁▁
numeric,xyac_success,831419,0.2431806803389861,NA,NA,NA,NA,NA,0.7963682448146061,0.24753272979377464,0.010269990365486592,0.5846049897518242,0.9878865564242005,1,1,▁▁▃▂▇
numeric,xyac_fd,831419,0.2431806803389861,NA,NA,NA,NA,NA,0.598139960266696,0.35654205947727374,0,0.24512977158883587,0.5134540184517391,0.9991877254215069,1,▂▆▂▁▇
numeric,xpass,522120,0.5247276004260084,NA,NA,NA,NA,NA,0.6137813038965859,0.2410066250760552,0.01067630760371685,0.44443003088235855,0.5740557610988617,0.8400976061820984,0.998187243938446,▁▃▇▅▆
numeric,pass_oe,538745,0.5095942907598059,NA,NA,NA,NA,NA,-0.26308551422534004,41.94502679344846,-99.23535585403442,-41.299596428871155,4.3928563594818115,34.751224517822266,97.72196300327778,▂▇▇▇▂
